Strategy,Mean AUC,Std
LR  + SMOTE,0.8320046326195708,0.010791223363486483
LR  + class_weight,0.8486374987054441,0.010843607248741663
XGB + SMOTE,,
XGB + scale_pos_weight,,
